toni18@gmail.com             ,quniciju,田中 美咲,KINOHENO  ,NINOEKA       ,手派露遊絵まか瀬夜巣るにローヘヤツマ屋毛  ,974-022-1546,2013年08月12日
kennedi_denesik63@yahoo.com  ,tunatogo,清水 莉子,YUKIYOSEMA,MMUKANESHI    ,ます巣野瀬等等たねやてかと         ,494-984-6062,2011年11月18日
sadye16@gmail.com            ,papiqojo,高橋 結衣,YUKIYOSEMA,MMUKANESHI    ,津個擢個尾知露な二御絵り          ,033-605-9891,2018年05月15日
antwan_fahey@yahoo.com       ,niveqaye,佐藤 蓮 ,KINOHENO  ,MMUKANESHI    ,名ろとくょけ離課派め巣個めら雲るせ     ,497-253-5670,2007年07月11日
zoie.hand@yahoo.com          ,xipixusi,山田 海翔,KINOHENO  ,MOTSUTO       ,派課擢都尾素譜列雲屋る阿根課区せのむ    ,744-129-1046,1998年10月05日
elvera_yost@yahoo.com        ,qupucaja,山口 蒼空,YUKIYOSEMA,MMUKANESHI    ,手列ぬな阿都やぬな譜夜る          ,696-056-0838,2017年01月28日
lucile53@gmail.com           ,yivuqifo,井上 蓮 ,YUKIYOSEMA,MMUKANESHI    ,はんはせ模目るへにち列           ,099-104-3562,2014年01月30日
idell.greenfelder@yahoo.com  ,dewiqefe,中村 大和,YUKIYOSEMA,MMUKANESHI    ,らむ差保こおせかせゆるへへめゃ模      ,416-925-9437,2001年05月06日
ardella69@gmail.com          ,sihucucu,高橋 陽菜,YUKIYOSEMA,TSUYAANASOROHO,津二課留保御鵜巣そそ他素よたほほきらつへ譜津,919-140-1249,2013年02月01日
alfonzo.aufderhar85@yahoo.com,sulumowu,加藤 美咲,YUKIYOSEMA,TSUYAANASOROHO,ほお鵜名個素列きお遊無氏手個根       ,042-072-7263,2013年08月02日
