Tech Support,Minnesota,094-950-1238,1991年11月29日
Media Relations,Arkansas,083-741-7394,2020年07月13日
Customer Relations,Georgia,075-571-4129,1998年08月09日
Advertising,Utah,035-156-0173,2018年03月16日
Media Relations,Oklahoma,088-086-7709,2008年03月03日
Human Resources,Iowa,004-069-2212,1996年10月01日
Finances,Kentucky,074-006-5866,1993年07月14日
Customer Service,Georgia,014-027-7712,1997年11月19日
Customer Service,Missouri,025-858-7361,2002年12月15日
Customer Service,Illinois,078-888-0387,2003年09月04日
Finances,Kansas,075-150-3211,2010年09月27日
Payroll,Utah,017-124-7583,2009年03月14日
Advertising,Maryland,001-660-0052,2001年04月27日
Public Relations,Florida,021-856-8315,1996年12月13日
Legal Department,Tennessee,022-584-6129,2014年07月02日
Research and Development,Oklahoma,097-184-1158,2008年04月17日
Finances,Hawaii,097-430-6740,1991年05月10日
Sales and Marketing,Maine,093-325-4620,1994年10月13日
Media Relations,Wyoming,063-548-8550,2008年11月09日
Finances,Oklahoma,084-239-4999,2019年12月08日
Asset Management,Louisiana,069-892-3140,2018年07月05日
Quality Assurance,Massachusetts,089-280-6610,1992年03月31日
Quality Assurance,Colorado,071-819-6959,2019年06月08日
Payroll,Washington,051-674-5589,2007年09月06日
Quality Assurance,Nebraska,016-155-8631,2017年05月15日
Research and Development,Virginia,085-107-9561,2020年10月22日
Research and Development,Texas,076-387-5950,2010年01月30日
Accounting,Montana,057-754-0414,2006年02月10日
Sales and Marketing,Vermont,017-942-9882,2009年02月22日
Asset Management,Kentucky,087-293-6299,1999年08月12日
Customer Service,Arizona,051-464-4721,2020年06月05日
Sales and Marketing,Mississippi,070-889-6336,2011年02月18日
Sales and Marketing,Missouri,036-288-9430,2009年07月26日
Tech Support,Tennessee,011-282-1254,2016年10月16日
Research and Development,Oregon,059-761-6230,1991年10月21日
Quality Assurance,Alabama,007-291-0579,2003年12月03日
Sales and Marketing,Montana,047-780-7038,1991年12月31日
Media Relations,Minnesota,091-734-8835,2009年04月16日
Customer Relations,Ohio,093-415-2291,2007年11月23日
Asset Management,Alabama,052-310-3423,1991年09月17日
Human Resources,Texas,075-344-9768,2000年01月08日
Customer Relations,Pennsylvania,021-077-8319,1998年11月08日
Accounting,Delaware,038-573-3097,2000年05月08日
Public Relations,Montana,019-458-5124,1994年11月02日
Finances,Ohio,054-283-3806,2020年10月05日
Advertising,Vermont,077-103-9103,2001年03月23日
Accounting,Maine,078-096-4939,2018年05月04日
Sales and Marketing,Idaho,057-581-0475,2014年04月13日
Payroll,California,092-558-0096,1992年11月02日
Advertising,Massachusetts,001-417-0719,1995年11月13日
Tech Support,Georgia,018-187-9526,1998年12月25日
Sales and Marketing,Illinois,056-315-9626,2013年04月06日
Payroll,Minnesota,059-466-3149,1997年03月09日
Payroll,Utah,099-653-7835,2002年02月16日
Customer Service,Alabama,075-354-7876,2001年09月17日
Research and Development,Montana,042-064-2921,2018年03月25日
Public Relations,Ohio,081-160-9747,2013年07月30日
Asset Management,Wisconsin,034-637-0306,2015年03月18日
Quality Assurance,Alabama,027-255-3977,1992年09月11日
Asset Management,California,080-058-1402,2013年10月31日
Accounting,Alabama,057-526-4751,1998年11月10日
Asset Management,Georgia,059-759-3398,2000年02月01日
Human Resources,Ohio,051-005-1220,2013年09月11日
Payroll,Wisconsin,068-100-9820,2004年01月11日
Quality Assurance,Mississippi,016-415-9921,2001年10月03日
Payroll,Illinois,054-431-1490,1996年06月10日
Legal Department,Texas,085-490-0810,1997年12月05日
Public Relations,Kentucky,001-614-5562,2008年11月29日
Payroll,Mississippi,035-496-4913,2011年09月25日
Tech Support,Georgia,025-486-8562,1993年04月24日
Asset Management,Connecticut,044-508-4373,1999年04月12日
Finances,Oklahoma,013-500-8377,2014年05月28日
Legal Department,Kansas,029-480-6743,1992年03月22日
Payroll,Ohio,092-744-4739,1999年03月12日
Quality Assurance,Indiana,064-347-1427,2014年10月22日
Legal Department,Wisconsin,084-097-2347,2005年06月04日
Asset Management,Nevada,023-104-5733,1999年10月20日
Human Resources,Oregon,016-807-8848,2001年12月08日
Accounting,Alaska,075-581-7172,2019年02月27日
Public Relations,Washington,034-713-0345,2017年11月21日
Finances,Delaware,000-355-3503,1992年06月13日
Finances,Florida,068-084-0452,1997年10月09日
Legal Department,Michigan,055-677-3979,2009年09月03日
Quality Assurance,Texas,082-549-5525,2000年11月25日
Finances,Utah,091-694-1094,2008年05月14日
Customer Relations,Hawaii,064-316-5044,1995年08月25日
Asset Management,Oregon,031-677-2618,1997年04月27日
Media Relations,Illinois,027-946-3240,2017年11月14日
Advertising,Minnesota,088-150-5710,2018年06月30日
Sales and Marketing,Oklahoma,099-889-9209,1991年01月20日
Tech Support,Pennsylvania,092-986-4437,2001年10月14日
Customer Service,Louisiana,072-709-1472,2015年12月24日
Legal Department,Florida,071-192-5405,1997年11月14日
Customer Service,Alabama,022-687-9522,2012年10月07日
Public Relations,Pennsylvania,020-341-8301,1992年10月11日
Public Relations,Missouri,088-254-1230,1998年12月08日
Quality Assurance,Texas,098-153-0639,2010年09月02日
Media Relations,Tennessee,019-875-3733,2011年08月30日
Media Relations,Colorado,065-109-9489,2003年09月18日
Sales and Marketing,Delaware,070-208-2357,2006年08月01日
Sales and Marketing,Tennessee,091-574-7093,2007年05月29日
Research and Development,Minnesota,049-859-8515,2015年09月22日
Tech Support,Maine,042-278-7964,1999年05月09日
Accounting,Colorado,044-645-9953,2000年11月16日
Payroll,Nevada,080-815-7933,2011年03月20日
Media Relations,Hawaii,038-888-9364,2020年08月28日
Sales and Marketing,Indiana,054-808-8737,1994年07月16日
Sales and Marketing,Illinois,040-724-0840,1991年07月05日
Quality Assurance,Nebraska,039-421-5366,2009年08月23日
Legal Department,Maine,097-840-1886,1998年11月27日
Quality Assurance,Georgia,052-076-0181,1996年05月30日
Tech Support,Florida,016-530-7226,1991年03月18日
Customer Service,Tennessee,007-200-3026,2004年08月30日
Asset Management,Montana,015-571-5226,2003年06月25日
Quality Assurance,Delaware,026-246-6603,2004年10月26日
Media Relations,Nevada,044-095-4516,2017年04月25日
Accounting,Virginia,061-423-5701,2016年03月10日
Public Relations,Missouri,055-086-7491,1993年08月21日
Sales and Marketing,Ohio,057-559-9000,2019年03月06日
Media Relations,Florida,058-747-2224,1997年03月06日
Research and Development,Virginia,007-976-0437,2010年10月30日
Human Resources,Wisconsin,082-904-9976,1997年10月17日
Public Relations,Montana,012-616-7793,2010年12月19日
Finances,Virginia,004-672-0556,1991年07月01日
Finances,Indiana,019-122-4747,2016年11月15日
Accounting,Pennsylvania,019-747-3829,1991年01月09日
Accounting,Maine,059-089-5258,2003年11月25日
Human Resources,Washington,018-602-5757,2001年10月04日
Customer Service,Mississippi,096-397-4825,2001年11月05日
Public Relations,Mississippi,027-124-6313,1991年08月11日
Legal Department,Utah,034-515-8831,2010年06月17日
Accounting,Pennsylvania,081-943-9003,2009年03月23日
Payroll,Pennsylvania,081-655-6561,2011年11月22日
Media Relations,Minnesota,009-297-9490,2007年12月24日
Human Resources,Utah,056-064-5027,2007年06月21日
Tech Support,Mississippi,040-161-5631,1994年07月18日
Customer Relations,Idaho,063-877-9149,2010年12月18日
Customer Relations,Maine,020-108-8740,2008年06月16日
Payroll,Maine,036-164-9580,2006年02月21日
Quality Assurance,Missouri,054-560-3990,2016年08月30日
Legal Department,Nevada,078-313-1747,2005年01月17日
Advertising,Maryland,024-159-3866,2013年03月13日
Tech Support,Iowa,012-802-6397,2005年08月08日
Payroll,Oklahoma,065-474-5829,2002年03月04日
Asset Management,Massachusetts,004-397-6169,2007年09月24日
Quality Assurance,Hawaii,093-129-3013,2009年02月16日
Media Relations,Kansas,048-328-3889,1998年10月27日
Accounting,Oregon,080-786-8848,1991年10月04日
Customer Relations,Arizona,065-877-4903,2001年03月01日
Asset Management,Nebraska,029-056-8728,2001年04月21日
Public Relations,Illinois,000-674-6084,2011年05月11日
Sales and Marketing,Ohio,009-580-8589,1997年02月21日
Tech Support,Hawaii,017-865-6718,2016年04月25日
Public Relations,Ohio,033-507-8561,2010年09月25日
Legal Department,Idaho,037-058-7159,2004年01月12日
Finances,Florida,047-012-7362,1999年01月16日
Customer Service,Hawaii,050-704-9519,1994年07月06日
Human Resources,Montana,001-203-9422,2013年08月25日
Media Relations,Illinois,005-522-4547,1991年09月28日
Accounting,Arizona,083-670-7539,2009年08月13日
Payroll,Louisiana,004-779-4529,1995年03月17日
Tech Support,Indiana,054-163-2206,1993年07月26日
Public Relations,Iowa,007-817-4052,2002年01月04日
Research and Development,Kansas,080-517-1250,1996年08月10日
Research and Development,Idaho,063-141-2487,2000年03月04日
Legal Department,Louisiana,088-338-4078,2000年07月19日
Customer Service,Texas,096-103-4503,2003年04月07日
Legal Department,Washington,008-564-4927,1997年02月05日
Quality Assurance,Michigan,068-934-7500,2012年06月29日
Finances,Nebraska,077-950-8921,2007年07月13日
Sales and Marketing,Ohio,017-944-3423,1998年01月05日
Legal Department,Arizona,083-351-9383,2001年12月30日
Customer Service,Illinois,015-057-5430,2017年01月18日
Sales and Marketing,Alabama,043-825-0169,2011年07月09日
Sales and Marketing,Montana,019-937-2671,1992年08月01日
Sales and Marketing,Vermont,080-011-9613,2004年11月18日
Research and Development,Iowa,066-465-9850,2018年12月17日
Payroll,Wisconsin,040-221-6980,2017年12月20日
Human Resources,Oregon,021-358-9131,1992年01月22日
Customer Relations,Nevada,057-578-9558,1997年01月14日
Sales and Marketing,Wisconsin,073-004-2777,2019年07月12日
Human Resources,Arizona,046-018-8794,1990年11月28日
Asset Management,Colorado,050-634-9675,2015年09月01日
Tech Support,Massachusetts,010-030-5798,1993年10月19日
Advertising,Tennessee,036-475-2558,2020年06月02日
Advertising,Nevada,013-293-7690,1991年12月28日
Sales and Marketing,Hawaii,072-405-4402,2002年10月19日
Customer Service,Mississippi,057-439-8475,2009年09月21日
Finances,Arizona,014-556-2031,2010年08月21日
Finances,Illinois,058-492-8651,2002年09月10日
Public Relations,Alabama,000-100-6138,2003年06月24日
Legal Department,Mississippi,083-593-7634,2014年10月20日
Legal Department,Alaska,065-648-5137,2008年09月15日
Accounting,Montana,032-292-6949,2019年08月26日
Asset Management,Kansas,092-684-5774,1994年07月01日
Customer Service,Minnesota,001-129-7194,2000年10月11日
Human Resources,Pennsylvania,078-225-2055,1996年09月29日
Public Relations,Nevada,096-248-2856,2009年07月19日
Sales and Marketing,Massachusetts,050-424-4999,2002年07月27日
Research and Development,Louisiana,084-727-7958,2017年03月14日
Legal Department,Montana,004-071-2511,1994年06月15日
Public Relations,Nebraska,024-538-5338,2019年03月25日
Asset Management,Texas,097-945-2109,2015年11月16日
Asset Management,Utah,038-582-1107,1991年04月30日
Public Relations,Missouri,077-196-7192,2002年10月31日
Research and Development,Massachusetts,026-903-8863,2013年05月25日
Tech Support,Maine,091-229-4974,2014年06月04日
Tech Support,Massachusetts,053-193-5431,2008年08月16日
Quality Assurance,Montana,079-017-5003,2001年04月22日
Public Relations,Vermont,068-772-5389,1995年11月06日
Quality Assurance,Florida,091-602-1618,2020年06月19日
Media Relations,Nevada,071-399-0607,2012年01月16日
Human Resources,Montana,077-721-6178,2001年10月20日
Advertising,Washington,002-044-3509,2010年02月22日
Human Resources,Ohio,011-610-4227,2020年05月06日
Tech Support,Missouri,097-346-5395,2014年10月30日
Asset Management,Oklahoma,082-536-1682,1991年03月07日
Sales and Marketing,Arizona,074-522-6317,1995年07月11日
Sales and Marketing,Virginia,039-244-3210,1997年08月15日
Payroll,Maine,016-397-0751,2000年03月29日
Media Relations,Oregon,083-249-6743,1998年03月06日
Finances,Maryland,068-412-3508,2012年11月24日
Human Resources,Arkansas,000-408-1494,1994年01月02日
Media Relations,Maine,050-548-7701,2000年12月25日
Quality Assurance,Oregon,042-359-0260,2007年10月04日
Media Relations,Oregon,068-638-4218,1994年12月29日
Legal Department,Iowa,008-935-1628,2007年03月23日
Research and Development,Connecticut,084-963-2829,2002年01月01日
Public Relations,Maine,083-249-6244,2016年07月08日
Finances,Utah,080-294-5355,2010年02月13日
Public Relations,Massachusetts,013-924-6542,2001年01月27日
Research and Development,Ohio,051-035-7961,1998年04月11日
Human Resources,Louisiana,055-573-5089,2005年04月08日
Human Resources,Tennessee,068-996-1645,1997年01月04日
Asset Management,Massachusetts,037-731-7704,2001年08月01日
Human Resources,Illinois,012-802-4239,1998年08月19日
Advertising,Indiana,026-627-0865,2017年12月10日
Public Relations,Arizona,084-711-8415,2016年02月04日
Research and Development,Idaho,028-169-0563,2009年04月06日
Finances,Connecticut,052-327-3343,1998年03月24日
Payroll,Texas,040-313-7897,1999年11月27日
Customer Service,Iowa,001-769-6351,1998年05月01日
Public Relations,Georgia,066-220-3666,1992年12月26日
Public Relations,Wyoming,016-950-5540,1994年05月04日
Customer Service,Louisiana,011-244-2953,2008年09月30日
Advertising,Louisiana,039-289-3484,2005年11月17日
Accounting,Kentucky,006-475-9146,2000年04月19日
Quality Assurance,Washington,030-466-6915,1997年05月22日
Human Resources,California,064-564-7801,2017年02月24日
Finances,Connecticut,086-350-4945,1995年10月02日
Finances,Illinois,061-182-3668,2014年01月14日
Sales and Marketing,Maine,029-097-2537,2020年04月24日
Legal Department,Alaska,021-939-1870,1992年03月17日
Media Relations,Vermont,041-125-2569,2015年01月11日
Legal Department,Hawaii,083-363-5871,2009年01月24日
Advertising,Florida,044-703-6278,2016年01月17日
Customer Service,Nebraska,057-914-8475,2011年09月15日
Media Relations,Oklahoma,057-626-8602,2017年10月15日
Tech Support,Iowa,068-545-2153,2005年05月13日
Media Relations,Vermont,003-105-7688,1999年07月05日
Customer Relations,Mississippi,049-281-0589,2007年05月09日
Public Relations,Utah,016-524-6659,2011年12月17日
Payroll,Texas,079-510-4045,2018年07月23日
Customer Service,Kentucky,031-042-7478,1993年06月29日
Quality Assurance,Illinois,088-094-8241,2018年07月02日
Advertising,Indiana,089-379-5937,2018年03月12日
Human Resources,Massachusetts,034-572-8726,1994年08月17日
Media Relations,Ohio,054-921-4661,2005年11月04日
Finances,Kentucky,065-971-0668,2011年04月15日
Accounting,Kansas,065-642-3506,2007年06月28日
Sales and Marketing,Colorado,035-083-3177,1995年02月20日
Payroll,Nevada,015-700-6594,2005年09月24日
Sales and Marketing,Tennessee,088-351-5855,2003年12月06日
Tech Support,Michigan,013-922-7531,1999年07月31日
Media Relations,Texas,083-118-9858,1992年11月24日
Quality Assurance,Texas,024-762-4500,1996年03月24日
Customer Service,Vermont,049-276-3208,2005年11月28日
Public Relations,Oklahoma,045-342-7852,1993年11月04日
Advertising,Massachusetts,009-538-9367,2006年05月27日
Asset Management,Pennsylvania,022-253-6857,2008年10月18日
Payroll,Louisiana,018-070-2797,2004年06月02日
Media Relations,Tennessee,050-590-9870,2013年01月13日
Payroll,Alaska,083-646-2024,2018年07月02日
Research and Development,Delaware,025-159-9898,1997年10月12日
Quality Assurance,Kentucky,084-636-1005,2007年04月05日
Media Relations,Nebraska,077-488-6875,2011年07月15日
Legal Department,Michigan,007-648-0917,1998年07月17日
Tech Support,Arkansas,091-173-3117,1997年07月16日
Payroll,Illinois,034-176-7021,2010年12月11日
Sales and Marketing,Illinois,024-519-4376,2015年02月26日
Legal Department,Iowa,071-573-6347,2001年12月07日
Asset Management,Delaware,039-446-1730,2010年11月21日
Advertising,Nebraska,027-027-2685,2017年03月28日
Human Resources,Vermont,018-161-4439,1997年05月03日
Finances,Missouri,083-005-4328,1996年07月19日
Research and Development,Kansas,076-611-6918,1998年04月06日
Customer Service,Indiana,030-688-6417,1992年02月14日
Research and Development,Tennessee,019-627-0622,2018年12月25日
Payroll,Mississippi,095-874-0043,1997年07月19日
Asset Management,Maine,091-313-3720,2019年09月01日
Quality Assurance,Arkansas,073-682-4421,2004年06月04日
Asset Management,Iowa,090-306-5188,2017年06月11日
Accounting,Alabama,050-968-5646,2000年08月09日
Asset Management,Maine,055-145-1748,1996年04月25日
Customer Service,Arizona,026-235-5172,2004年08月10日
Finances,Connecticut,072-492-4254,2004年01月17日
Payroll,Massachusetts,020-213-7360,2008年04月27日
Customer Service,Washington,052-610-9527,2010年01月19日
Asset Management,Vermont,005-445-2939,1992年05月01日
Research and Development,Kentucky,039-148-5474,1992年10月20日
Accounting,Minnesota,038-683-0093,1998年09月08日
Media Relations,Utah,096-275-2563,2004年07月19日
Customer Service,Florida,049-864-9732,2020年07月07日
Tech Support,Maine,023-128-6546,2006年07月09日
Customer Service,Georgia,033-452-3041,2003年08月16日
Payroll,Iowa,029-372-7361,2019年11月11日
Human Resources,Oregon,018-531-9308,2003年12月12日
Customer Relations,Kentucky,043-568-1775,1997年03月19日
Accounting,Alabama,031-719-0473,2019年10月09日
Finances,Wyoming,006-054-4631,2004年05月29日
Legal Department,Virginia,046-604-9353,2006年11月13日
Customer Relations,Vermont,015-501-5587,2010年03月20日
Legal Department,Virginia,001-002-9239,2001年08月17日
Quality Assurance,Louisiana,012-867-0428,1992年07月08日
Legal Department,Kentucky,032-418-4553,2011年11月02日
Public Relations,Massachusetts,004-457-3767,1992年09月09日
Finances,Massachusetts,024-305-8228,2013年09月20日
Customer Service,Maine,033-759-9101,2014年06月02日
Customer Service,Kansas,019-782-7744,2000年02月29日
Asset Management,Nebraska,096-314-8251,1997年07月12日
Sales and Marketing,Iowa,069-151-9826,1996年05月18日
Customer Service,Massachusetts,023-831-6835,2005年07月23日
Media Relations,Massachusetts,037-521-1238,2007年08月07日
Finances,Pennsylvania,022-422-2582,2007年04月14日
Media Relations,Wyoming,060-472-7370,2009年01月06日
Tech Support,Hawaii,054-117-1597,2008年03月31日
Customer Relations,Nebraska,033-374-5259,2006年10月03日
Accounting,Kansas,054-289-7740,2015年01月05日
Legal Department,Maryland,076-331-6295,2018年01月20日
Asset Management,Iowa,006-863-1875,2015年10月18日
Tech Support,Oregon,035-174-5298,1996年09月15日
Advertising,Pennsylvania,095-054-7251,2015年05月08日
Customer Relations,Missouri,038-541-0024,1997年06月29日
Sales and Marketing,Utah,057-896-0018,2013年01月16日
Research and Development,Ohio,037-746-9876,2007年07月30日
Human Resources,Indiana,061-807-6871,1994年11月30日
Legal Department,Virginia,022-884-5499,2010年10月20日
Accounting,Louisiana,080-097-9385,2006年04月12日
Accounting,Michigan,046-792-3653,1999年05月16日
Quality Assurance,Utah,041-055-4693,2010年12月24日
Payroll,Washington,044-817-1160,2018年06月17日
Payroll,Connecticut,010-573-8409,2000年03月25日
Human Resources,California,012-601-7571,2016年03月18日
Payroll,Alabama,035-088-8795,1995年10月10日
Payroll,Massachusetts,007-876-3355,2008年03月26日
Public Relations,Washington,064-185-6276,2009年10月19日
Payroll,Georgia,009-457-2453,1998年09月05日
Human Resources,Washington,097-985-5119,2016年05月14日
Accounting,Kansas,018-698-3598,1998年09月13日
Legal Department,Wisconsin,084-368-3765,2015年12月06日
Human Resources,Massachusetts,086-083-5772,1991年04月27日
Finances,Oklahoma,018-500-1679,2003年11月13日
Sales and Marketing,Missouri,076-547-5467,2012年07月27日
Advertising,Iowa,023-532-4619,2007年02月27日
Sales and Marketing,Maryland,083-548-4540,2014年09月23日
Tech Support,Georgia,057-433-9137,1991年11月18日
Finances,Pennsylvania,001-248-8497,2009年04月29日
Tech Support,Massachusetts,093-594-2490,2013年06月06日
Human Resources,Colorado,005-859-5817,1991年09月08日
Sales and Marketing,Kansas,096-633-2530,1992年04月21日
Advertising,Georgia,091-662-8852,1995年07月14日
Sales and Marketing,Nebraska,007-128-9381,2006年03月29日
Customer Service,Georgia,085-558-6690,2007年06月18日
Media Relations,Vermont,013-879-4797,1991年08月13日
Public Relations,Missouri,082-859-1467,2005年11月11日
Tech Support,Wisconsin,068-371-4066,1995年01月02日
Human Resources,Nevada,012-393-6860,2004年07月30日
Accounting,Arizona,045-172-8663,2008年06月14日
Tech Support,Kentucky,028-709-8831,2003年05月21日
Media Relations,California,014-784-1160,1996年10月09日
Customer Relations,Montana,008-508-8419,1998年01月25日
Research and Development,Mississippi,056-894-3177,1996年06月04日
Public Relations,Texas,035-402-2012,2011年09月27日
Human Resources,Nevada,020-611-1611,2007年07月14日
Human Resources,Florida,070-942-7218,1998年08月13日
Advertising,Iowa,019-842-6807,2005年04月10日
Human Resources,Delaware,016-195-0679,1999年08月17日
Payroll,Wisconsin,033-239-3294,2004年07月04日
Payroll,Alabama,066-546-1895,2015年07月28日
Legal Department,Connecticut,099-833-4517,2018年05月15日
Asset Management,Arizona,029-309-1228,1995年05月26日
Customer Service,Connecticut,034-651-6010,2012年10月06日
Customer Relations,Colorado,044-493-4280,2013年10月05日
Media Relations,Tennessee,025-524-9725,2006年01月02日
Accounting,Arizona,004-308-3968,1993年11月25日
Quality Assurance,Nevada,023-470-1128,2004年07月31日
Research and Development,Pennsylvania,017-854-1474,2003年11月13日
Customer Relations,Montana,064-880-0750,2017年04月19日
Tech Support,Maine,055-173-6498,2003年10月20日
Finances,Maine,062-690-8749,2008年01月13日
Research and Development,Alaska,074-615-3250,2016年08月28日
Advertising,Washington,054-319-8376,2019年09月30日
Research and Development,Alabama,007-077-0260,2016年09月11日
Accounting,Arizona,017-206-8856,2008年10月28日
Tech Support,Iowa,009-108-2520,2001年05月13日
Accounting,Iowa,032-617-7448,2004年07月05日
Asset Management,Arizona,030-946-8199,2016年02月06日
Accounting,Maryland,025-832-0265,2002年11月12日
Customer Relations,Florida,017-195-6691,2012年11月11日
Public Relations,Nevada,071-666-9591,2011年01月02日
Human Resources,Hawaii,072-734-3800,2010年04月19日
Quality Assurance,Montana,088-722-0576,2002年10月15日
Asset Management,Ohio,066-003-8923,1994年05月23日
Human Resources,Vermont,003-666-1565,2016年10月12日
Tech Support,California,007-749-3467,2016年09月11日
Customer Relations,Texas,004-025-9734,2017年10月31日
Accounting,Louisiana,018-987-0083,2002年12月31日
Quality Assurance,Michigan,058-037-1386,2016年11月15日
Advertising,Kentucky,015-673-4924,2006年07月06日
Payroll,Georgia,099-185-9110,2005年03月14日
Public Relations,Washington,090-929-8168,2015年12月25日
Public Relations,Tennessee,087-503-6301,2012年05月21日
Tech Support,Louisiana,054-200-7877,2005年04月24日
Research and Development,Maine,007-185-1949,2020年09月02日
Asset Management,Illinois,065-239-3063,2009年01月07日
Tech Support,Alabama,064-343-0448,2019年09月27日
Human Resources,Vermont,067-210-2901,2004年06月25日
Accounting,Delaware,066-968-9171,1994年11月15日
Media Relations,Washington,039-117-7710,2018年11月16日
Media Relations,Wisconsin,058-871-5497,2020年01月14日
Quality Assurance,Missouri,041-850-9108,2009年01月05日
Human Resources,Tennessee,026-843-1156,1999年10月20日
Quality Assurance,Illinois,044-997-4716,2018年06月20日
Tech Support,Arkansas,074-142-9499,2014年05月13日
Human Resources,Colorado,032-210-6171,2003年07月23日
Customer Relations,Pennsylvania,071-914-9820,2000年09月27日
Sales and Marketing,Minnesota,077-392-2359,2005年06月29日
Payroll,Pennsylvania,070-925-4398,1990年12月09日
Public Relations,Florida,065-775-2606,1995年07月26日
Tech Support,Kentucky,035-458-1582,2001年11月10日
Human Resources,Nebraska,002-747-8473,1998年05月23日
Media Relations,California,040-457-0255,2000年03月02日
Quality Assurance,Montana,086-556-2029,1991年08月05日
Advertising,Ohio,037-441-6705,2013年02月18日
Human Resources,Tennessee,060-536-0115,2015年10月29日
Public Relations,Texas,077-670-7626,2013年06月19日
Human Resources,Mississippi,067-444-1774,2003年04月17日
Advertising,Tennessee,029-952-9076,2014年02月16日
Customer Relations,Kansas,020-296-8726,2016年07月08日
Customer Service,Texas,058-540-5266,2003年08月28日
Quality Assurance,Vermont,065-158-2282,2009年04月02日
Sales and Marketing,Illinois,025-203-3552,2013年02月20日
Legal Department,Colorado,008-803-7342,2020年09月30日
Tech Support,Oklahoma,023-907-4414,2008年05月06日
Legal Department,Montana,031-975-3071,2013年10月15日
Payroll,Delaware,095-474-5006,2016年09月15日
Advertising,Delaware,035-206-4599,2020年05月14日
Research and Development,Utah,080-360-2418,2009年10月26日
Advertising,Minnesota,055-754-4517,2013年11月21日
Public Relations,Pennsylvania,056-379-3670,2010年03月11日
Quality Assurance,Indiana,002-984-7923,1999年05月16日
Asset Management,Montana,059-734-7460,2001年10月25日
Asset Management,Kentucky,086-642-3896,2008年03月14日
Tech Support,Mississippi,079-509-9797,2000年10月04日
Accounting,California,046-578-9615,2004年10月31日
Payroll,Delaware,090-927-9116,2003年12月15日
Payroll,Alaska,060-272-6312,2005年09月23日
Public Relations,Montana,034-609-5914,1991年02月11日
Finances,Ohio,075-854-9926,2008年10月24日
Tech Support,California,005-129-8832,2002年09月04日
Human Resources,Florida,063-831-0199,2018年06月19日
Sales and Marketing,Montana,029-763-0161,1997年11月10日
Customer Service,Hawaii,019-167-0173,1996年06月01日
Advertising,Texas,073-200-7484,1997年06月17日
Sales and Marketing,Maine,002-540-6689,2009年12月21日
Finances,Arkansas,037-832-3347,2008年03月07日
Asset Management,Maine,070-172-8148,2007年06月01日
Media Relations,Florida,039-764-8165,1997年09月01日
Advertising,Wisconsin,047-746-4292,2006年07月03日
Payroll,Illinois,035-536-1089,2011年12月08日
Payroll,Louisiana,055-843-9458,2005年08月17日
Research and Development,California,046-363-4564,1992年04月15日
Legal Department,Wisconsin,076-542-1211,2019年03月29日
Finances,Arizona,089-226-5078,2018年09月01日
Asset Management,Washington,098-285-1136,1997年10月05日
Customer Service,Oregon,057-054-8694,1999年10月21日
Advertising,Nevada,091-345-4786,1999年05月15日
Asset Management,Hawaii,052-285-2780,1997年01月16日
Sales and Marketing,Indiana,091-676-5679,2006年08月04日
Public Relations,Idaho,055-470-6153,2012年09月29日
Legal Department,Washington,091-345-0531,1994年06月14日
Legal Department,Arkansas,040-110-7174,2008年08月09日
Media Relations,Ohio,082-898-5337,1996年03月18日
Research and Development,Wyoming,012-334-1289,1998年12月28日
Advertising,Maine,056-381-4190,1991年11月12日
Legal Department,Washington,079-204-6784,2008年10月28日
Legal Department,Wisconsin,007-603-1743,2008年04月24日
Sales and Marketing,Iowa,080-201-3959,1994年10月13日
Asset Management,Iowa,031-993-0238,2011年05月17日
Quality Assurance,Utah,042-083-9438,2020年04月06日
Sales and Marketing,Georgia,037-730-8435,2012年01月15日
Accounting,Hawaii,050-018-5249,2011年10月29日
Advertising,Maine,013-175-8067,1995年01月02日
Customer Relations,California,065-136-5938,2008年06月22日
Payroll,Montana,065-407-2300,1998年08月31日
Quality Assurance,Nebraska,061-537-4577,2017年04月09日
Public Relations,Maine,082-749-4295,2015年01月02日
Customer Relations,Utah,030-893-7087,2007年01月12日
Tech Support,Alaska,024-829-6500,2000年07月25日
Human Resources,Massachusetts,025-645-8449,2013年05月10日
Accounting,Texas,054-655-4497,1993年09月25日
Quality Assurance,Nevada,067-901-8583,2008年05月11日
Human Resources,Pennsylvania,011-822-7164,1998年06月15日
Customer Service,Alaska,059-341-4949,2000年08月12日
Sales and Marketing,Idaho,049-872-6065,1995年01月15日
Payroll,Illinois,056-587-4947,2009年05月23日
Public Relations,Arkansas,068-482-4641,2012年02月26日
Payroll,Kentucky,040-179-8273,2019年12月18日
Media Relations,Delaware,014-042-9506,2017年11月27日
Sales and Marketing,Iowa,054-239-1405,2010年04月20日
Research and Development,Arizona,034-145-1382,2005年11月25日
Legal Department,Colorado,039-172-9095,2010年12月27日
Asset Management,Oregon,072-650-4063,2016年10月10日
Accounting,Nevada,094-468-9906,2005年01月04日
Customer Service,Hawaii,047-265-9081,2003年01月05日
Customer Relations,Kansas,071-384-8058,2010年01月29日
Accounting,Pennsylvania,064-854-4213,2011年01月08日
Quality Assurance,Vermont,028-935-8583,1992年01月29日
Customer Relations,Mississippi,043-220-5225,2010年06月21日
Legal Department,Montana,094-505-5051,2005年03月21日
Quality Assurance,Massachusetts,020-547-8728,1996年03月04日
Legal Department,Arkansas,076-050-4903,2003年05月26日
Customer Service,Washington,094-133-0712,2019年12月13日
Finances,Nevada,033-842-6186,2014年07月30日
Tech Support,Vermont,012-174-2560,2013年02月28日
Tech Support,Arkansas,065-872-2818,2013年04月11日
Human Resources,Pennsylvania,010-343-5644,2020年04月09日
Public Relations,Arizona,075-930-5317,2015年12月03日
Quality Assurance,Washington,009-196-6459,1998年07月02日
Advertising,Florida,023-423-5934,2011年06月01日
Finances,Colorado,057-636-3894,2002年04月14日
Research and Development,Wisconsin,068-967-3642,1998年09月05日
Public Relations,Missouri,085-682-7516,2005年05月21日
Customer Relations,Pennsylvania,043-482-5466,1998年08月19日
Customer Relations,Arkansas,004-958-3233,1997年10月20日
Asset Management,Illinois,027-519-7681,2005年05月15日
Accounting,Indiana,057-950-3472,1994年07月25日
Customer Relations,Mississippi,040-973-2286,2013年12月20日
Media Relations,Arkansas,042-731-8504,2018年11月04日
Tech Support,California,004-249-8359,2002年02月06日
Media Relations,Idaho,053-047-6783,2011年05月26日
Human Resources,Delaware,028-588-9039,2016年08月28日
Human Resources,Oregon,041-769-2181,2007年01月14日
Customer Relations,Delaware,093-424-5064,2005年08月26日
Asset Management,Kansas,050-917-4104,2020年10月15日
Payroll,Missouri,030-583-5109,2020年02月18日
Legal Department,Connecticut,033-090-3385,1992年03月10日
Tech Support,Michigan,007-573-2892,2008年10月05日
Research and Development,Colorado,060-148-8693,2004年03月05日
Quality Assurance,Arizona,000-855-7575,1994年12月14日
Tech Support,Arizona,074-062-0720,2014年10月10日
Customer Service,Montana,086-534-4447,2017年08月21日
Accounting,Washington,089-261-0865,2010年11月19日
Tech Support,Iowa,031-550-9458,2003年02月05日
Sales and Marketing,Oregon,096-287-0362,2007年02月10日
Public Relations,Kansas,079-142-2459,2012年07月18日
Finances,Oklahoma,051-616-8290,2001年05月31日
Media Relations,Utah,018-967-3200,1997年06月24日
Payroll,Utah,011-108-1972,2020年06月21日
Public Relations,Tennessee,067-778-7935,1998年07月13日
Tech Support,Ohio,022-794-7275,2020年11月01日
Finances,Ohio,052-092-9086,1993年09月06日
Finances,Idaho,065-377-5563,2017年04月09日
Tech Support,Arkansas,092-204-2788,1997年04月26日
Finances,Massachusetts,031-831-9571,2010年07月20日
Accounting,Nevada,097-823-8597,2007年03月09日
Human Resources,Illinois,099-159-7021,2009年02月25日
Quality Assurance,Nevada,010-405-0284,1997年06月09日
Tech Support,California,031-080-0960,2018年08月11日
Quality Assurance,Idaho,099-788-4200,2014年01月27日
Asset Management,Montana,063-218-5049,2005年10月29日
Customer Relations,Indiana,065-891-3933,2005年10月31日
Advertising,Arizona,042-001-3433,2010年03月25日
Accounting,Nebraska,056-478-3262,1997年10月31日
Customer Relations,Colorado,050-539-7951,2011年10月21日
Research and Development,Hawaii,059-703-2934,2012年03月08日
Public Relations,Montana,033-827-1997,1999年10月18日
Payroll,Arkansas,084-374-4029,2018年07月16日
Sales and Marketing,Tennessee,083-026-9369,2006年12月06日
Asset Management,Kentucky,056-500-9464,2002年06月23日
Quality Assurance,Iowa,006-480-6682,1990年11月05日
Human Resources,Maryland,068-817-2357,2001年05月28日
Quality Assurance,Missouri,095-172-8189,2010年06月20日
Customer Service,Hawaii,073-086-1735,2016年09月28日
Sales and Marketing,Oregon,036-273-1339,1999年02月16日
Media Relations,California,051-248-0710,2014年02月11日
Research and Development,Texas,016-246-9628,1995年05月25日
Human Resources,Texas,059-990-5086,2001年08月03日
Sales and Marketing,Missouri,079-174-1070,2019年04月17日
Human Resources,Nevada,035-797-0687,1992年01月14日
Tech Support,Pennsylvania,017-467-6409,2004年11月13日
Accounting,Michigan,036-083-6724,2011年07月05日
Customer Relations,Washington,055-261-0066,2000年05月31日
Customer Relations,Washington,092-900-8451,2018年06月19日
Human Resources,Ohio,094-992-5918,2010年11月15日
Asset Management,Pennsylvania,043-733-5187,1999年12月09日
Finances,Nevada,066-236-6410,1991年04月22日
Asset Management,Wisconsin,092-762-5892,2014年05月19日
Customer Service,Virginia,082-034-5386,2010年05月16日
Quality Assurance,Oregon,008-440-7746,2016年12月18日
Customer Service,Montana,001-361-4459,2001年12月03日
Customer Service,Oklahoma,007-626-3778,1997年04月22日
Quality Assurance,Mississippi,051-003-2528,1995年09月09日
Asset Management,Delaware,009-251-1002,2018年01月22日
Accounting,Delaware,093-517-3448,2016年05月25日
Asset Management,Alabama,086-685-8992,1993年03月26日
Accounting,Delaware,074-843-4247,2006年10月11日
Payroll,Connecticut,074-867-2986,2003年05月21日
Customer Service,Vermont,032-237-3500,2011年07月29日
Customer Service,Alabama,023-710-5636,2009年07月22日
Payroll,Washington,033-039-6175,1993年01月12日
Payroll,Texas,071-035-2610,2019年10月23日
Legal Department,Montana,004-895-2618,2017年11月09日
Finances,Hawaii,098-388-8149,2009年07月10日
Public Relations,Maine,097-283-0648,2006年11月30日
Legal Department,Utah,049-303-6454,1997年08月28日
Finances,Virginia,078-147-1625,2020年10月17日
Customer Relations,Virginia,028-862-0369,2003年01月10日
Customer Relations,Montana,060-025-5322,2002年02月07日
Advertising,Oklahoma,013-186-3358,2004年12月05日
Tech Support,Alaska,028-073-3716,2012年02月27日
Asset Management,Wisconsin,000-760-9537,2017年12月05日
Advertising,Wyoming,009-847-2862,2011年03月13日
Tech Support,Idaho,061-402-8297,1999年04月09日
Tech Support,Arizona,023-856-9796,2000年06月11日
Sales and Marketing,Missouri,085-058-7684,2000年11月04日
Research and Development,Idaho,074-856-4577,2003年06月05日
Public Relations,Louisiana,042-065-4816,2000年08月30日
Accounting,California,075-613-9646,2010年10月13日
Quality Assurance,Florida,096-710-6332,2008年08月21日
Payroll,Alabama,026-185-4288,1991年06月20日
Public Relations,Delaware,055-274-5125,2020年05月10日
Customer Relations,Mississippi,072-176-8053,2003年06月20日
Payroll,Pennsylvania,047-635-1083,1993年05月14日
Advertising,Maryland,033-688-9525,2020年01月23日
Media Relations,California,015-888-6259,2006年03月11日
Legal Department,Montana,055-053-4323,2013年04月17日
Sales and Marketing,Iowa,049-978-9200,2014年06月16日
Advertising,Nevada,091-185-7455,2003年01月10日
Payroll,Georgia,084-283-4811,2008年12月29日
Asset Management,Nevada,091-790-6045,1992年06月07日
Media Relations,Hawaii,059-461-9247,2013年02月18日
Public Relations,Wyoming,077-442-3782,2014年05月31日
Payroll,Tennessee,025-581-0137,1992年02月12日
Customer Service,Connecticut,063-890-4534,1999年03月30日
Public Relations,Utah,093-142-1443,2011年06月26日
Asset Management,Vermont,096-608-8166,2003年05月12日
Payroll,Kansas,057-168-9134,2013年04月01日
Human Resources,Vermont,041-910-0816,2019年07月22日
Sales and Marketing,Ohio,078-115-1181,2020年06月20日
Quality Assurance,Kansas,098-072-0731,2018年08月21日
Advertising,Minnesota,099-187-2457,2011年11月14日
Public Relations,Colorado,004-317-8790,1992年03月18日
Research and Development,Maryland,019-033-7189,2012年02月14日
Payroll,Georgia,008-438-9768,2014年11月05日
Sales and Marketing,Kansas,011-861-2754,1995年07月08日
Tech Support,Texas,061-081-2080,2003年04月16日
Public Relations,Georgia,029-888-9650,2008年12月10日
Asset Management,Oregon,074-208-9148,2001年09月01日
Quality Assurance,Vermont,051-212-6232,1993年12月18日
Asset Management,Wyoming,080-647-8642,2012年01月02日
Finances,Maine,035-446-8052,2019年11月20日
Accounting,Alaska,006-662-0323,2020年02月16日
Finances,California,058-593-4250,2010年07月20日
Quality Assurance,Washington,051-815-4960,1992年04月30日
Customer Service,Pennsylvania,024-315-0268,1991年06月07日
Asset Management,Tennessee,024-021-1917,2014年06月01日
Customer Relations,Minnesota,033-323-1408,2001年06月06日
Payroll,Utah,080-583-2718,2018年09月13日
Accounting,Illinois,090-952-1830,1994年04月08日
Advertising,Kansas,080-636-1634,2016年11月03日
Accounting,Minnesota,096-657-3813,1999年03月31日
Accounting,Wisconsin,085-054-0493,2005年07月26日
Media Relations,Colorado,072-574-4666,2011年10月03日
Sales and Marketing,Massachusetts,022-783-7210,2019年02月03日
Tech Support,Kansas,056-655-7187,1993年04月30日
Accounting,Hawaii,021-912-5003,2007年03月02日
Customer Service,Ohio,000-817-4974,2013年11月28日
Customer Service,Colorado,075-399-4244,2020年06月18日
Quality Assurance,Alabama,000-328-2647,2017年07月24日
Finances,Vermont,047-859-5317,1992年08月26日
Asset Management,Louisiana,026-664-7220,2007年05月25日
Legal Department,Montana,070-242-5545,2001年10月03日
Legal Department,Minnesota,001-620-7050,2007年12月02日
Sales and Marketing,Kentucky,017-150-6418,2002年12月26日
Tech Support,Texas,049-149-8752,1991年07月21日
Media Relations,Minnesota,074-939-7370,2015年03月20日
Payroll,Illinois,061-498-2828,2010年01月20日
Customer Relations,Wyoming,010-949-6795,2011年05月01日
Customer Service,Delaware,095-549-3635,2018年03月13日
Advertising,Missouri,071-246-2695,2017年11月22日
Tech Support,Colorado,048-782-3459,2019年03月08日
Customer Relations,Idaho,066-452-2702,1998年12月19日
Human Resources,Utah,075-852-1637,2006年12月08日
Payroll,Florida,081-497-4762,2011年09月20日
Public Relations,Wyoming,067-425-8857,1998年05月11日
Human Resources,Idaho,087-459-7645,1994年10月20日
Accounting,Alabama,082-491-4906,2019年09月26日
Quality Assurance,Delaware,096-845-8558,2004年04月05日
Finances,Mississippi,099-743-6454,2017年06月29日
Accounting,Maryland,065-078-3157,1994年09月11日
Finances,California,054-222-2501,1995年06月03日
Finances,Louisiana,032-428-2150,1998年04月25日
Human Resources,Arizona,013-818-8561,2016年02月12日
Asset Management,Virginia,017-975-0205,2008年12月26日
Accounting,Minnesota,013-091-0647,2007年02月17日
Human Resources,Montana,072-508-4494,2018年06月13日
Asset Management,Oregon,032-602-1004,1999年02月18日
Customer Service,Missouri,043-257-8518,1990年12月03日
Public Relations,Kentucky,030-579-2870,1999年04月27日
Media Relations,Illinois,003-253-3962,1993年12月04日
Public Relations,Idaho,000-622-2735,2020年06月11日
Sales and Marketing,Arizona,017-843-4751,2011年10月14日
Customer Relations,Minnesota,039-790-9805,2014年11月18日
Customer Relations,Maryland,094-350-0816,2019年05月21日
Customer Relations,Delaware,084-144-2262,1998年02月25日
Quality Assurance,Texas,049-004-0555,1991年12月30日
Media Relations,Delaware,001-188-2382,2019年07月22日
Research and Development,Florida,094-936-7057,2000年09月20日
Quality Assurance,Nevada,032-893-2312,2012年04月23日
Public Relations,Montana,041-318-0266,2005年05月23日
Customer Relations,Mississippi,031-002-2140,1992年10月11日
Asset Management,California,007-303-2628,1992年07月03日
Finances,Nevada,061-551-0194,2001年06月04日
Customer Service,California,078-756-9742,1991年03月20日
Quality Assurance,Louisiana,099-998-4825,2013年07月10日
Public Relations,Massachusetts,010-608-8389,1994年09月06日
Accounting,Michigan,011-092-1617,1991年05月25日
Customer Relations,Mississippi,062-291-1932,2010年07月09日
Quality Assurance,Nevada,093-906-0276,2003年05月07日
Research and Development,Wisconsin,052-443-0352,2010年04月09日
Sales and Marketing,Wisconsin,007-173-0413,1991年10月10日
Customer Service,Michigan,000-663-7712,2017年11月30日
Tech Support,Ohio,096-339-1164,2017年08月30日
Advertising,Wyoming,089-912-5555,2009年10月01日
Tech Support,Georgia,023-219-8779,2017年12月25日
Quality Assurance,Georgia,097-843-9190,2011年02月23日
Research and Development,Arizona,077-185-8075,2016年06月30日
Public Relations,Wyoming,051-218-3461,2017年01月14日
Research and Development,Nebraska,046-361-6868,2004年05月29日
Quality Assurance,Georgia,023-822-0827,2012年07月31日
Accounting,Georgia,088-544-3697,2002年05月09日
Human Resources,Arkansas,095-172-0517,2015年09月28日
Asset Management,Georgia,096-440-0087,1991年10月21日
Public Relations,Kansas,018-993-2248,2012年10月20日
Accounting,Arkansas,016-935-9832,1994年07月28日
Finances,Texas,032-917-8169,2018年11月24日
Human Resources,Maine,054-918-8680,1995年03月17日
Quality Assurance,Indiana,076-483-9308,1993年09月30日
Media Relations,Colorado,023-262-0107,2010年11月22日
Accounting,Arizona,002-230-9733,1999年09月15日
Human Resources,Nebraska,075-876-2454,2016年06月16日
Advertising,Nebraska,091-266-8238,2020年08月05日
Accounting,Wyoming,023-201-7208,2011年07月08日
Legal Department,Alaska,001-220-1689,2019年08月27日
Advertising,Pennsylvania,079-601-1703,2007年12月10日
Human Resources,Ohio,067-923-7147,2015年09月05日
Research and Development,Maine,005-324-0892,2009年07月11日
Tech Support,Wyoming,019-401-0213,2019年09月17日
Research and Development,Virginia,058-866-3832,2014年02月24日
Accounting,Florida,000-906-1829,2013年12月26日
Customer Relations,Maryland,043-696-7478,2004年02月06日
Customer Relations,Virginia,065-127-0043,2011年04月11日
Research and Development,Michigan,042-254-5286,2005年10月08日
Finances,Montana,014-255-6640,2007年08月30日
Sales and Marketing,Maryland,031-232-1747,2011年04月17日
Quality Assurance,Kentucky,091-202-3431,1995年10月05日
Payroll,Ohio,006-496-2865,2002年07月20日
Advertising,Oklahoma,093-472-2408,2016年12月26日
Public Relations,Washington,012-287-1490,2007年04月25日
Legal Department,Oregon,014-940-0937,1994年05月06日
Asset Management,California,049-552-7646,2008年08月01日
Sales and Marketing,Wisconsin,038-098-0621,1993年10月13日
Quality Assurance,Minnesota,021-589-3130,2015年06月12日
Accounting,Michigan,065-449-6638,2017年09月11日
Accounting,Vermont,029-991-2626,2005年08月11日
Sales and Marketing,Texas,015-023-8501,2017年08月04日
Customer Service,Florida,078-664-0214,2010年04月20日
Customer Service,Ohio,092-403-3095,1999年08月30日
Advertising,Texas,053-281-0367,1998年03月05日
Customer Relations,Ohio,087-953-3661,2020年07月07日
Payroll,Kansas,010-680-0038,2009年02月25日
Quality Assurance,Utah,022-722-2245,2013年10月25日
Asset Management,California,046-507-9661,2001年03月24日
Payroll,Kentucky,010-239-7931,2004年08月31日
Sales and Marketing,Indiana,038-577-2161,2005年06月16日
Sales and Marketing,Delaware,018-623-5334,2007年09月03日
Public Relations,Massachusetts,021-722-2406,2003年07月06日
Sales and Marketing,Virginia,074-612-4830,2013年05月04日
Finances,Utah,007-916-8825,2014年10月10日
Human Resources,Delaware,052-500-7911,2005年02月06日
Accounting,Oklahoma,013-530-2092,1993年04月07日
Human Resources,Connecticut,073-508-8562,2013年09月08日
Customer Relations,Iowa,037-409-1019,2001年08月13日
Finances,Utah,056-152-5550,2003年07月20日
Accounting,Nevada,057-158-4594,1994年12月09日
Quality Assurance,Kentucky,075-973-5174,2016年07月01日
Sales and Marketing,Arkansas,047-451-2915,2012年02月21日
Customer Relations,Kansas,043-511-1117,2014年02月14日
Finances,Tennessee,004-180-2566,2020年09月03日
Human Resources,Utah,054-649-1198,2012年06月10日
Legal Department,Washington,023-699-0265,2002年03月03日
Customer Relations,Arkansas,075-021-0262,2001年05月25日
Legal Department,Indiana,021-093-0820,2011年06月10日
Sales and Marketing,Delaware,045-454-3204,1994年04月22日
Legal Department,Maryland,071-637-9015,2000年05月09日
Payroll,Alabama,072-121-2253,2008年04月19日
Research and Development,Minnesota,033-527-0043,2003年07月07日
Finances,Texas,055-024-6906,1993年04月02日
Legal Department,Ohio,014-492-2168,2006年02月03日
Human Resources,Georgia,033-808-5268,2002年06月07日
Advertising,Maryland,007-536-8988,2002年11月21日
Media Relations,Georgia,095-154-6003,2004年09月30日
Payroll,California,071-965-4019,1995年09月19日
Legal Department,Arizona,007-913-8727,2013年07月29日
Asset Management,Oklahoma,009-769-1829,1991年08月08日
Legal Department,Kentucky,092-234-2033,2013年12月24日
Advertising,Georgia,027-712-8036,1997年08月22日
Public Relations,Louisiana,045-809-6411,1998年04月10日
Quality Assurance,Maryland,094-622-3473,1992年06月19日
Research and Development,Utah,002-101-5383,2019年07月21日
Customer Relations,Montana,015-942-6185,1991年02月03日
Finances,Illinois,090-771-3754,2000年09月27日
Sales and Marketing,Louisiana,012-005-2906,2015年01月20日
Asset Management,Iowa,008-103-9573,1998年11月07日
Quality Assurance,Virginia,014-681-0118,2007年11月15日
Quality Assurance,Massachusetts,001-361-1709,2005年04月03日
Research and Development,Nevada,050-249-7202,1994年09月18日
Payroll,Georgia,083-177-9971,2017年01月27日
Sales and Marketing,Oregon,007-867-3706,2007年07月10日
Tech Support,Texas,060-814-0996,2017年08月03日
Media Relations,Maryland,034-101-4163,1997年06月21日
Finances,Indiana,056-492-8330,1996年10月30日
Media Relations,Connecticut,076-526-2368,1997年04月08日
Customer Service,Connecticut,078-309-0815,2002年08月07日
Sales and Marketing,Arizona,031-183-2325,2005年04月14日
Media Relations,Idaho,020-259-1790,1997年07月28日
Customer Relations,Missouri,050-624-4942,1995年06月24日
Human Resources,Minnesota,071-746-6996,2015年01月28日
Asset Management,Indiana,090-743-9352,2010年03月13日
Customer Relations,Hawaii,070-334-4264,2015年08月29日
Advertising,Virginia,016-928-6981,2006年01月14日
Human Resources,Georgia,012-459-6622,1991年10月06日
Customer Service,Iowa,066-417-0014,2006年10月27日
Accounting,Colorado,067-639-6053,2015年04月28日
Advertising,Nebraska,042-848-9359,1992年10月19日
Sales and Marketing,Alabama,042-753-6420,1994年04月12日
Legal Department,Louisiana,015-510-5996,1994年02月18日
Asset Management,Hawaii,040-315-1701,2005年05月29日
Research and Development,Minnesota,077-599-2934,1998年01月24日
Accounting,Idaho,056-004-5089,2004年04月06日
Human Resources,Alabama,023-379-0800,2002年06月05日
Tech Support,Kentucky,080-763-8937,1992年01月03日
Human Resources,Kansas,097-561-8999,2017年06月26日
Accounting,Vermont,008-301-7228,2013年04月26日
Payroll,Virginia,064-510-1072,2016年07月14日
Media Relations,Kentucky,071-574-2796,2009年08月27日
Accounting,Louisiana,090-797-0181,2019年07月27日
Public Relations,Hawaii,066-317-0536,2014年10月15日
Customer Relations,Vermont,029-325-7895,2017年12月31日
Research and Development,Montana,010-706-3950,1997年12月15日
Finances,Tennessee,020-908-2619,1991年10月27日
Legal Department,Illinois,095-912-8064,2004年10月06日
Tech Support,Michigan,013-439-9379,1999年02月05日
Customer Relations,Florida,005-642-4571,1997年06月03日
Quality Assurance,Utah,091-053-4324,2011年07月26日
Public Relations,Oklahoma,086-568-5585,1999年12月30日
Legal Department,Massachusetts,013-270-5236,1996年10月18日
Customer Service,Mississippi,060-521-3932,2016年11月24日
Legal Department,Tennessee,046-346-8232,1991年04月05日
Accounting,Hawaii,058-279-5105,1992年07月27日
Sales and Marketing,Michigan,036-291-2402,1997年12月09日
Human Resources,Pennsylvania,088-404-4002,2014年11月11日
Tech Support,Indiana,022-778-1387,2006年11月28日
Customer Relations,Illinois,095-808-3769,2004年12月27日
Human Resources,Mississippi,048-630-4763,2019年10月22日
Customer Service,Texas,028-599-1652,2003年12月21日
Legal Department,Minnesota,018-093-4970,2014年07月22日
Human Resources,Connecticut,013-720-9094,1994年03月31日
Legal Department,Texas,008-241-5093,1996年07月24日
Sales and Marketing,Virginia,022-417-9971,1996年01月06日
Customer Relations,Maine,010-669-3985,1999年10月29日
Human Resources,Missouri,060-725-2809,2014年12月01日
Public Relations,Oregon,053-886-3343,2003年01月11日
Research and Development,Illinois,064-126-4170,2017年05月25日
Media Relations,Delaware,004-449-5096,2011年02月23日
Customer Service,Indiana,073-204-3977,1998年04月12日
Customer Service,Arkansas,061-906-3947,2002年10月06日
Research and Development,Colorado,082-057-9465,2012年06月10日
Human Resources,Washington,015-769-5706,2003年01月28日
Human Resources,Arkansas,037-328-2886,2007年06月17日
Quality Assurance,Vermont,054-072-7987,1993年01月02日
Accounting,Pennsylvania,050-586-2548,2002年06月09日
Accounting,Maryland,071-889-8837,1991年08月21日
Tech Support,Idaho,044-307-0973,2015年10月24日
Sales and Marketing,Delaware,016-766-9232,2005年05月21日
Advertising,Michigan,022-171-4440,2002年11月23日
Accounting,Tennessee,019-748-9964,2003年09月06日
Payroll,Massachusetts,097-442-6383,1991年11月29日
Research and Development,Alabama,038-843-6592,1992年05月01日
Finances,Massachusetts,088-817-0931,2000年08月03日
Media Relations,Hawaii,060-706-8853,2013年06月10日
Media Relations,California,080-018-7662,2010年02月06日
Customer Service,Pennsylvania,094-191-4989,2017年11月09日
Research and Development,Michigan,029-554-2952,2015年09月09日
Customer Relations,Arizona,039-408-9967,2015年05月22日
Payroll,Tennessee,019-478-3536,2013年12月28日
Payroll,Missouri,085-028-0315,2007年10月05日
Research and Development,Alabama,077-089-9456,1994年05月13日
Human Resources,Pennsylvania,093-415-2180,2012年08月30日
Quality Assurance,Maine,068-884-8044,2004年02月21日
Asset Management,Maine,000-917-4966,2005年02月27日
Media Relations,Hawaii,052-473-8709,1999年05月22日
Research and Development,Alaska,081-020-1678,1998年12月26日
Research and Development,Massachusetts,075-452-6836,2001年12月06日
Customer Service,Tennessee,021-580-2194,2017年02月16日
Tech Support,Kentucky,080-453-5203,1997年03月07日
Legal Department,Nebraska,026-573-8467,2001年08月10日
Accounting,Illinois,049-861-3375,2015年08月18日
Legal Department,Kansas,041-673-7524,2011年05月02日
Legal Department,Nevada,091-215-9298,2007年01月03日
Public Relations,Arizona,085-246-2493,2004年07月01日
Accounting,Montana,086-693-9655,1991年10月09日
Finances,Mississippi,067-041-8167,1992年05月17日
Customer Relations,Oklahoma,020-014-8316,2017年03月31日
Tech Support,Oregon,025-429-7845,2015年08月25日
Human Resources,Washington,008-989-0376,1994年08月17日
Quality Assurance,Wyoming,018-595-2758,1993年06月08日
Research and Development,Delaware,065-416-7612,1996年06月29日
Accounting,Montana,010-419-0029,1996年09月27日
Research and Development,Pennsylvania,075-746-3006,2013年12月23日
Media Relations,Minnesota,013-565-8287,2013年09月08日
Payroll,Oregon,019-609-8916,2004年12月20日
Human Resources,Mississippi,017-881-3585,1995年09月04日
Asset Management,Maine,000-640-5426,2020年03月03日
Customer Service,Alaska,065-491-3230,1992年04月26日
Customer Service,Washington,046-661-7825,2012年10月14日
Customer Service,Maryland,061-879-2463,2008年12月19日
Accounting,Minnesota,096-251-5141,1995年10月13日
Accounting,Oklahoma,035-669-7164,2009年07月02日
Public Relations,Iowa,044-563-2789,2006年09月10日
Payroll,Massachusetts,000-166-9525,2003年06月16日
Legal Department,Delaware,083-658-7936,2004年05月02日
Finances,Idaho,043-654-6169,2020年10月03日
Human Resources,Virginia,074-749-7082,1992年04月27日
Tech Support,Utah,065-969-8102,1994年06月27日
Tech Support,Hawaii,051-817-9776,2019年10月16日
Finances,Iowa,045-784-6446,2004年04月08日
Quality Assurance,Kansas,006-991-7264,2016年02月16日
Quality Assurance,Kansas,090-314-1139,2012年05月10日
Customer Service,Ohio,009-037-3641,1995年09月14日
Media Relations,Wyoming,042-033-1248,2018年08月12日
Quality Assurance,Kentucky,057-478-3129,1999年09月23日
Human Resources,California,014-514-9227,2003年09月21日
Accounting,Florida,001-468-3789,2005年02月14日
Tech Support,Idaho,075-989-6735,2010年01月04日
Advertising,Washington,092-543-8779,2015年02月28日
Legal Department,Delaware,080-286-3464,2019年08月05日
Payroll,Idaho,050-157-6876,1995年06月27日
Accounting,Arkansas,023-599-9086,2000年03月24日
Human Resources,Kentucky,092-912-0677,2012年02月14日
Public Relations,Mississippi,073-581-9751,1994年09月28日
Asset Management,Washington,053-089-8558,2007年04月08日
Payroll,Hawaii,018-986-4900,2010年06月21日
Customer Service,Maine,016-934-2766,2018年08月20日
Media Relations,Indiana,012-412-0663,2016年12月11日
Customer Relations,Ohio,069-805-8635,2008年04月09日
Accounting,Texas,062-284-4022,2004年02月17日
Payroll,Wisconsin,003-729-2551,2015年07月01日
Finances,Delaware,063-209-7713,1995年03月21日
Accounting,Minnesota,023-917-2731,2013年06月05日
Legal Department,Minnesota,046-798-4324,1997年02月10日
Research and Development,Tennessee,062-620-4271,2016年03月19日
Accounting,Georgia,009-440-9857,2009年12月23日
Customer Service,Iowa,043-763-6129,2019年06月15日
Asset Management,Arkansas,060-884-5132,2008年11月19日
Research and Development,Delaware,072-184-1954,2000年01月19日
Customer Relations,Mississippi,072-721-5786,2006年02月27日
Public Relations,Pennsylvania,067-883-9564,2007年10月18日
Asset Management,Ohio,019-933-1719,2015年09月17日
Sales and Marketing,Kentucky,014-569-3318,2010年05月13日
Payroll,Vermont,049-906-8317,2018年03月28日
Public Relations,Oregon,018-264-5832,2014年02月08日
Legal Department,Hawaii,002-292-4812,2002年01月23日
Advertising,Michigan,084-360-4663,1993年10月26日
Research and Development,Pennsylvania,003-142-7413,1995年03月23日
Research and Development,Colorado,084-066-5384,2006年12月29日
Customer Relations,Nebraska,047-740-0103,2002年06月18日
Media Relations,Alabama,028-270-7518,1994年01月21日
Accounting,Washington,022-783-0016,2017年12月27日